;APCE2G_APCE3D;APCE3G_APCE4D;APCE4G_APCE5D;APCE5G_APCE6D;APCE6G_APCE7D;APCE7G_APCE8D;APCE8G_APCE9D;APCE9G_APCE10D;APCE10G_APCE11D;APCE11G_APCE12D;APCE12G_APCE13D;APCE13G_APCE14D;APCE14G_APCE15D;APCE15G_APCE16D;MLH1E2G_MLH1E3D;MLH1E3G_MLH1E4D;MLH1E4G_MLH1E5D;MLH1E5G_MLH1E6D;MLH1E6G_MLH1E7D;MLH1E7G_MLH1E8D;MLH1E8G_MLH1E9D;MLH1E9G_MLH1E10D;MLH1E10G_MLH1E11D;MLH1E11G_MLH1E12D;MLH1E12G_MLH1E13D;MLH1E13G_MLH1E14D;MLH1E14G_MLH1E15D;MLH1E15G_MLH1E16D;MLH1E16G_MLH1E17D;MLH1E17G_MLH1E18D;MLH1E18G_MLH1E19D;MSH2E2G_MSH2E3D;MSH2E3G_MSH2E4D;MSH2E4G_MSH2E5D;MSH2E5G_MSH2E6D;MSH2E6G_MSH2E7D;MSH2E7G_MSH2E8D;MSH2E8G_MSH2E9D;MSH2E9G_MSH2E10D;MSH2E10G_MSH2E11D;MSH2E11G_MSH2E12D;MSH2E12G_MSH2E13D;MSH2E13G_MSH2E14D;MSH2E14G_MSH2E15D;MSH2E15G_MSH2E16D;MSH2E17G_MSH2E18D;MSH6E2G_MSH6E3D;MSH6E3G_MSH6E4D;MSH6E4G_MSH6E5D;MSH6E5G_MSH6E6D;MSH6E6G_MSH6E7D;MSH6E7G_MSH6E8D;MSH6E8G_MSH6E9D;MSH6E9G_MSH6E10D;MUTYHE2G_MUTYHE3D;MUTYHE3G_MUTYHE4D;MUTYHE4G_MUTYHE5D;MUTYHE5G_MUTYHE6D;MUTYHE6G_MUTYHE7D;MUTYHE7G_MUTYHE8D;MUTYHE8G_MUTYHE9D;MUTYHE9G_MUTYHE10D;MUTYHE10G_MUTYHE11D;MUTYHE11G_MUTYHE12D;MUTYHE12G_MUTYHE13D;MUTYHE13G_MUTYHE14D;MUTYHE14G_MUTYHE15D;MUTYHE15G_MUTYHE16D;PTENE2G_PTENE3D;PTENE3G_PTENE4D;PTENE4G_PTENE5D;PTENE5G_PTENE6D;PTENE6G_PTENE7D;PTENE7G_PTENE8D;PTENE8G_PTENE9D;SMAD4E2G_SMAD4E3D;SMAD4E3G_SMAD4E4D;SMAD4E4G_SMAD4E5D;SMAD4E5G_SMAD4E6D;SMAD4E6G_SMAD4E7D;SMAD4E7G_SMAD4E8D;SMAD4E8G_SMAD4E9D;SMAD4E9G_SMAD4E10D;SMAD4E10G_SMAD4E11D;SMAD4E11G_SMAD4E12D;STK11E2G_STK11E3D;STK11E3G_STK11E4D;STK11E4G_STK11E5D;STK11E5G_STK11E6D;STK11E6G_STK11E7D;STK11E7G_STK11E8D;STK11E8G_STK11E9D;STK11E9G_STK11E10D;TP53E2G_TP53E3D;TP53E3G_TP53E4D;TP53E4G_TP53E5D;TP53E5G_TP53E6D;TP53E6G_TP53E7D;TP53E7G_TP53E8D;TP53E8G_TP53E9D;TP53E9G_TP53E10D;TP53E10G_TP53E11D
3001_Ok_Cocar;9197;25081;37088;13939;52900;49569;45563;30943;28917;21864;32762;30991;21764;27564;13023;9179;14931;15364;9015;4354;13325;6505;7633;9364;16743;12954;5268;4237;6503;8109;9160;8300;10802;17395;12866;8949;6778;5139;7838;3921;4812;5086;6043;7904;3493;29;5133;11174;8894;12251;7654;8915;8791;5449;762;1642;1627;1231;1387;1718;493;290;334;442;844;1665;3766;2299;986;4696;8407;19642;17559;17764;7877;88663;28827;19664;57190;72557;59022;67276;61145;35382;14114;40139;43823;9749;12039;24538;16344;8948;1987;7345;4339;2432;11433;9811;14480;18518;8435;7224
3002_Ok_Cocar;10718;26048;37820;15057;42930;39674;33376;25287;24743;15409;25457;25317;18617;22176;10316;7656;12460;11276;7217;4018;11468;5597;6105;6973;13474;10569;4617;2782;5191;6117;7038;10004;12568;18190;15494;11683;8255;6080;8747;4896;5806;5749;6591;9076;3778;40;5223;9074;5992;8639;6619;6394;5718;3938;688;1620;1425;1009;1061;1196;407;328;303;366;664;1669;3800;2865;1214;4953;6756;13751;13102;13376;5691;79703;27315;21201;66621;99093;82838;62159;53109;31958;13514;40640;40716;9373;13433;23947;17586;8477;1928;5694;3319;2228;9156;8088;11400;14377;6261;6079
3003_Ok_Cocar;13223;33006;48916;18275;64883;59246;53964;38202;34906;25407;38425;39176;27127;32348;12926;9106;14895;14514;8750;4758;13360;6208;6809;7563;16039;11811;5183;3312;6215;7721;9337;8746;11217;16444;12616;9200;6455;5203;7691;4202;5045;4953;5823;8071;3211;25;7032;11551;8409;12139;8501;9065;8747;6080;597;1742;1642;1261;1451;1552;410;317;277;334;572;1536;3768;2414;1160;5419;9683;20169;20816;14931;7714;89585;29925;22948;55780;69119;55290;63319;58808;42245;17077;19851;20701;4098;5085;12824;9492;4071;1004;6974;3971;2178;9880;9901;13791;17670;7338;6875
3004_Ok_Cocar;42564;105177;155923;56060;198683;184636;164445;127351;103625;80689;120568;122194;85034;99021;46165;31656;57998;57181;33858;13779;54091;23568;28901;32956;66500;51786;20110;12432;22512;29101;30932;41071;50590;75572;61135;44626;31987;24202;33496;17351;20688;22988;27251;38137;15956;80;13724;40222;24870;37552;23253;24351;24595;15942;2435;6773;6262;5551;5541;6754;1821;1226;1269;1718;2599;6945;14774;9222;2321;16594;33184;101229;87486;65457;28717;322530;105725;73933;184760;284018;208122;227960;191534;106856;40175;52351;48050;9408;14771;27722;17377;10404;2017;23996;12893;6961;32930;29230;44341;58326;26980;22115
3006_Ok_Cocar;10097;24595;33740;13009;44565;40191;34414;25570;22640;16016;24875;26734;16984;20875;11740;9124;14715;13814;7572;4364;12535;6480;7196;8416;16743;12122;5771;3228;6137;7163;8129;14983;18980;26996;21952;16695;12237;9219;12494;7398;8280;8921;10464;12936;4974;50;5500;10672;7836;11383;8567;8626;8003;5316;847;2563;2382;1746;1812;2244;821;517;621;787;1069;2270;3909;2330;1296;4988;8176;16895;15572;16001;6862;73201;27234;20417;50727;68622;51219;60337;53563;38840;16177;31629;30273;7119;9702;19958;14695;7434;1732;9381;5041;3030;12580;11541;18328;23078;10389;8602
3017_Ok_Cocar;12546;29768;43743;19764;45783;41183;37101;27487;29512;19791;28756;29189;20957;24371;10719;8414;13627;12420;8328;4713;14071;7020;7969;8861;17041;12258;5234;3179;5345;6489;7294;8069;10159;14212;11933;9510;5954;4568;6703;3752;4384;4553;5363;6373;2511;28;7262;12457;7631;10499;8211;6929;5954;3441;887;1916;1479;1091;1067;1580;714;453;556;521;909;2103;4445;2933;1579;7160;9443;16877;16527;17200;7124;92763;35936;28105;92610;138562;110089;78756;67942;47537;20517;28615;30395;7554;10573;17979;12564;6668;1540;8765;5438;3516;13967;11683;15800;19862;9163;8368
3018_Ok_Cocar;9446;22724;32384;12921;44573;39116;35966;26686;25043;18813;28019;29961;18907;21241;11777;9247;13819;13542;8160;4600;12983;6004;7057;7904;15919;11738;4862;3116;5649;6592;7955;9984;12682;18708;15335;11098;9066;6697;9418;5462;6306;6417;7517;10124;3858;24;4108;7683;5936;9423;7044;7279;6412;4470;821;1748;1756;1215;1572;1521;508;413;496;554;775;1670;3384;2111;917;4166;6829;15194;16665;12393;5980;70177;22681;16233;51121;64989;52264;56760;53040;38593;16361;20873;20642;4797;6228;12525;9541;4224;1014;6927;3611;2190;9041;7697;12355;15300;6824;6143
3019_Ok_Cocar;7767;19017;28505;14215;37004;35525;33324;24389;23882;17596;24187;22594;15800;17208;9746;7389;10945;10504;6529;3606;9586;4452;5098;6700;12819;9943;3990;2831;4691;5876;6965;7420;9372;15179;11121;8322;6380;4613;6840;3572;4477;4473;5061;6584;2597;29;4227;7922;6120;8715;5437;6008;6050;3616;671;1903;1893;1261;1384;1774;502;337;330;459;720;1479;3274;2038;1430;5969;9019;17795;17414;15931;7510;69583;21001;15701;48382;54429;49787;52916;52111;33976;14252;19634;24736;5347;5540;13709;9488;4464;1274;5028;3556;1940;9154;7308;10533;15027;6390;6074
3020_Ok_Cocar;12326;28059;40906;17397;51909;45684;40590;29697;29678;19358;30236;30958;21536;24788;12392;9644;14694;13602;8786;4822;14005;6550;7361;8800;17615;12613;5579;3363;6104;7289;8135;10771;13706;19282;15569;11563;8125;6021;8961;5054;5851;6053;7197;8815;2928;28;5269;8583;5925;9913;7538;6999;5893;3673;911;2312;2027;1659;1684;1981;703;456;445;557;965;2106;4810;3141;1357;3692;6322;17913;20195;5940;4656;86951;29775;22842;72377;92646;81174;68888;62809;42868;18673;28268;28830;7139;9190;17486;12989;6220;1521;7815;4721;2985;11624;10285;14843;18705;8916;7999
3022_Ok_Cocar;11448;28225;40789;16756;56608;51527;47478;35499;32163;24254;36602;37087;26017;29853;14638;10337;16205;15447;9654;5043;15057;6785;7441;8596;17587;13409;6265;4132;7001;8086;9429;12763;16039;24262;18768;13733;10479;8460;11832;6398;7656;7911;9336;12556;4854;90;6176;13148;8824;13811;10375;9799;9266;6402;899;2096;1914;1596;1603;2050;540;384;399;566;922;2210;4860;3483;1226;4616;7386;17272;16215;16194;7439;91271;29054;21813;61788;70462;62235;66733;60157;38090;16506;29987;30649;6670;8507;17653;13046;6264;1611;9479;5208;3116;13374;12276;18073;23047;10812;10242
3023_Ok_Cocar;11386;28721;37395;16384;51760;46294;42194;28874;27932;19950;31580;34209;23341;27520;15047;10841;17222;16034;10737;5684;16299;7827;9004;9878;20007;14168;7110;3519;7280;8333;9467;10418;13406;17779;14647;11691;8468;6713;9258;5381;6472;6316;7279;9461;3982;32;5913;10895;7836;11502;9310;8945;7825;5502;724;2113;1882;1439;1500;1568;546;345;325;491;844;1834;3902;2708;1477;5800;8633;20086;17256;19511;8289;83426;27732;20060;58300;77263;60185;65926;55988;40042;15746;23008;21487;4537;6561;11739;8715;4512;1125;9388;5000;3158;12023;10915;17648;21588;11039;9335
3024_Ok_Cocar;12382;31611;47603;17197;67674;62345;56981;38212;35182;26756;39720;38169;25738;31424;13250;9583;16051;15413;9068;4826;13655;6420;6962;8341;17743;12246;5204;3301;5929;7702;8792;7939;10309;14334;11158;7570;5419;4281;6330;3112;3999;4061;5003;6492;2425;21;5782;11473;7526;11527;7676;8603;7399;4912;622;1881;1619;1136;1274;1636;395;321;329;306;576;1604;4319;2836;1665;5860;10639;23376;21245;19087;8901;97515;32428;24278;63134;84163;66392;74662;66267;46084;18606;33942;34675;7197;8628;22441;15843;7095;1473;8675;5218;2841;11831;11220;15980;21241;8077;7603
3025_Ok_Cocar;9098;23204;31906;12281;48738;45088;39952;28966;25576;17686;30139;32653;22521;28806;20139;13959;22837;22999;13639;6969;21078;9804;11892;12580;24901;17697;8124;4667;8823;10643;12059;12861;16330;22354;18355;13478;10698;8274;10758;5925;6942;7682;9248;12021;5013;26;5364;12183;10397;14567;10224;11265;10442;7587;899;2506;2371;2103;2239;2505;628;510;507;681;947;2305;4327;2836;1094;3425;6487;14880;13107;13839;6110;87526;28443;19070;48996;69781;55487;72055;60748;45132;17626;29250;26920;5790;7655;18302;13173;6237;1246;14889;7257;4497;17962;15069;24019;30069;13292;11092
3026_Ok_Cocar;11851;30857;42775;15498;63841;60211;55967;39373;34119;30318;45098;47334;34347;44167;15661;10435;17167;17743;10775;5461;15407;7321;8901;10036;18601;14281;6642;4677;7360;8847;10281;10370;13358;19325;14660;10909;8629;7025;9866;5403;6331;6592;8425;11205;5172;29;5118;11345;10835;15129;10064;11358;10755;8571;697;1879;1771;1557;1578;1804;460;325;351;503;721;1688;3219;2279;1243;4836;8702;21836;18528;19580;8867;75261;24910;17270;44518;59494;49646;66144;57425;42628;16390;25760;22715;4965;6575;15762;11210;5867;1129;10706;5831;2891;11871;10344;16423;21162;9153;7601
3027_Ok_Cocar;33906;75965;119062;50450;174385;177304;151114;104296;85438;71877;98383;104102;68085;89574;28030;17318;31105;30872;18828;8016;32503;13396;16282;17657;35923;27559;11752;6465;11645;14786;15357;21356;28225;36399;30316;26475;18322;14174;16371;9251;11209;11848;15033;19871;9836;104;8313;29852;18751;23716;15952;18291;16899;9958;1333;3915;3302;2950;3196;4149;924;699;608;1129;1421;3632;6393;4386;2757;17496;35600;106465;90258;73871;32039;239946;69770;45789;119462;199298;130814;191566;143744;85766;28124;72741;58461;11760;18598;32629;19792;12779;2733;14565;8601;4451;19469;15927;25059;33817;14585;11623
3028_Ok_Cocar;12432;30139;41339;15470;57941;53830;48910;35773;31022;26404;38516;43042;27901;33021;14089;9989;16024;15372;8968;4786;14512;7160;8494;9274;17791;12812;6730;3989;6927;8156;8915;11575;14895;21095;16703;14088;10797;8766;11325;6688;7376;8296;10021;13315;6335;40;4269;9153;9308;12498;9468;9827;8767;6393;824;2170;2349;2007;1958;2523;756;554;451;644;974;1860;3381;2261;1066;3572;6511;15467;13637;14297;6415;69573;23659;16858;40480;56424;45342;61211;51830;41487;15869;26095;23281;5485;7196;15050;10932;5672;1223;9256;4626;2728;10799;8972;14249;18368;8420;6027
3030_Ok_Cocar;48689;112276;183934;75171;247854;233567;224362;154768;134266;98005;138621;137314;93090;117913;58786;40295;73026;74122;43041;18421;74402;31230;39310;45984;95894;70843;27408;16178;26662;36070;39189;39413;50947;68990;59023;42768;27971;22259;27174;14939;18332;19648;24402;31025;12662;121;23415;63787;40071;54469;34613;36169;33542;18567;2704;9717;7817;6709;7005;9711;2321;1331;1466;2165;3856;9195;19043;11226;4629;27472;55805;150218;129813;95435;39733;465933;153231;106940;265021;412449;288706;325780;260374;139513;52087;81290;82128;14801;23857;48788;28338;16661;3828;33097;21264;11001;51131;43072;62785;85657;38965;35020
3031_Ok_Cocar;13968;35616;53929;22312;70576;67475;64939;42414;36977;25912;40327;37896;26984;34937;10361;7582;12500;12056;6952;3751;10186;5458;6305;7645;14820;10605;4756;2701;4953;6690;7289;6833;8466;12406;9663;7226;5117;3911;5227;2601;3558;3670;4197;5498;1954;35;5830;9253;6036;9051;5911;6718;6087;3558;724;2070;1877;1441;1472;1993;548;342;379;437;695;1806;4210;2783;1955;6471;12645;26101;23194;21140;9604;105911;33641;25698;64693;90658;67032;78495;71501;47645;18089;29203;34381;7396;7755;20883;13912;6882;1441;7630;4262;2614;12478;10954;15190;20761;7408;7063
3032_Ok_Cocar;10264;26508;39379;15027;51516;47699;42548;31250;29838;18745;29533;29781;21227;24618;12088;9105;15508;15437;9103;4923;15304;7308;8689;9604;19703;14388;6199;3606;6894;8108;8931;8544;10793;14235;11898;8929;5837;4569;6241;3436;4113;4577;5134;6623;2749;25;8807;18473;10345;13644;9475;9449;8396;4975;993;2528;2191;1569;1660;2118;586;430;454;516;868;2414;5809;4258;1321;5179;8573;17983;19474;13941;5860;95496;36230;26103;76918;114774;85752;86948;73530;52857;20702;25714;25320;5050;7213;15246;11148;5213;1206;10383;5952;3351;13287;12340;17625;22556;9425;8916
3033_Ok_Cocar;9955;25041;38568;16632;51917;50889;44399;31424;30244;21473;32281;31744;22017;26873;16937;12220;20628;19463;11812;6150;17046;7698;8966;10386;21571;16473;6612;4356;8595;10754;12702;15388;20727;30779;24262;17597;13584;10183;14068;8328;9963;10515;12002;16739;7237;71;6609;13535;11229;16622;11627;12998;13334;8974;796;2388;2261;1550;1804;2170;521;317;444;569;922;2028;4649;2682;613;2296;3930;7329;7309;7447;3272;101846;30195;20236;58335;74576;63723;69609;62417;39957;15825;18818;20617;3854;4926;11296;8453;3547;1014;7028;4562;1872;9135;8260;13349;18412;7408;7243
3034_Ok_Cocar;7928;24101;35704;13538;46709;43454;31190;21765;20434;15089;24608;26328;18025;21299;14266;10800;17299;16721;9356;4735;15317;7306;8397;9409;19236;13665;6568;3919;7570;9397;10659;16804;22366;30662;25512;19769;14942;11219;15927;9151;10571;12137;13965;19372;10668;46;5134;10705;10342;14645;10936;11196;11789;8963;664;1977;1721;1395;1533;1656;393;287;350;412;653;1704;4267;2884;526;1904;3360;6675;6578;7323;3142;80506;26112;17482;42176;58511;44366;53711;48560;34333;13972;19965;19122;4095;4738;11580;8447;3957;1010;7298;3910;2006;8921;8224;13157;16544;7348;6428
3035_Ok_Cocar;13588;34652;45282;19365;62505;55120;48704;34944;33607;22972;36550;40945;27885;34515;15656;11471;18953;17926;12021;6164;17195;9043;10155;10672;21791;15787;7867;4562;8298;9365;10390;12616;15923;21820;18454;15794;11187;9247;12063;7338;8463;8586;10418;12684;5698;44;7032;12667;8576;13369;10125;9042;8468;6098;674;1955;1739;1401;1401;1544;453;337;388;460;765;2087;4542;3175;1635;5551;8906;19568;17700;18498;7666;94652;32836;23644;64831;93759;76359;73307;62104;44434;17483;21613;19922;4475;6509;12662;8879;4345;1077;10285;5454;2805;11848;10148;15639;18896;9462;8073
3037_Ok_Cocar;15507;37376;52155;23703;70254;61807;56251;40504;41688;31165;46771;47488;35112;41328;15304;11101;16868;16277;11259;6279;16038;7934;8777;9592;19407;13994;7182;4259;7626;8746;10224;15037;19759;28752;22795;17785;13318;10547;15526;9238;10843;10667;12361;15561;7038;76;8376;14678;10214;15755;12459;11286;9700;7211;661;1701;1526;1186;1260;1246;560;362;337;410;816;1899;4649;3439;1807;7284;9892;21933;20315;22207;10089;97089;32287;23326;73575;89973;79257;77217;68013;50619;20927;30747;29433;6814;8172;17826;13973;6409;1623;10250;6110;3230;12413;10647;15207;18868;8527;8553
3038_Ok_Cocar;12712;30944;42065;18388;57954;53978;47618;36259;36345;28579;41205;44142;32304;36515;13442;10147;14761;14213;9560;4923;15082;7176;8043;8377;16850;12404;6250;4061;6912;7545;9162;11937;15412;21583;17301;14663;10639;8962;12842;7964;8899;9089;10546;13375;6772;30;5647;10688;9109;13466;10177;9637;9085;6821;474;1428;1180;997;1006;1108;379;303;260;363;633;1203;3037;1846;1729;6646;9572;22332;21012;22695;10143;71542;24574;18115;50276;61737;52448;59186;53717;39847;16387;18214;16893;3963;4708;10390;7652;3644;935;7674;4216;2355;9835;8406;12941;15495;8002;6837
3039_Ok_Cocar;10677;27181;39208;15439;57308;53207;50021;36320;35641;25874;39385;41162;29981;36579;12649;9429;14731;13781;9084;4690;13168;6170;7093;7932;16326;12113;6072;3832;6477;7768;9059;9240;11748;17473;13917;10465;8031;6321;9260;5120;5775;6176;7519;9771;4684;21;4977;10221;9564;13745;9523;9711;9639;7264;590;1691;1691;1383;1421;1539;437;286;248;425;658;1584;3323;2055;1684;6054;9787;23759;21122;21924;9553;76453;26761;18432;48072;59505;52531;63161;55628;40076;16221;24160;23311;5100;6253;15736;12063;5642;1166;8225;4623;2419;10675;9313;14697;18869;9076;7488
3040_Ok_Cocar;7418;20782;30913;13362;43573;43516;41734;30350;27630;20924;30153;28494;20885;24507;15011;10485;16288;17156;10557;5190;15444;7321;8797;10700;18118;14818;5594;4954;6661;8805;10536;9936;12267;20282;14856;11141;8414;6442;9741;4778;6277;6193;7182;9675;5044;23;5810;11801;10713;14192;8779;9795;10321;6730;703;1975;1776;1391;1670;1928;654;328;464;655;822;1898;4129;2250;1492;5503;8892;20939;18933;19437;8562;77391;23259;16527;52637;70885;67379;63059;59442;33880;14732;21922;25708;6275;7202;16393;10698;5914;1392;8321;5337;2959;13714;10627;15346;20686;9375;8006
3044_Ok_Cocar;10427;28087;39577;13373;60370;54922;49351;35842;31681;25261;37709;39019;28000;36500;11596;8100;14095;13466;8091;4220;11826;5986;7097;7975;15145;11504;5239;3850;6026;7764;8783;9672;12136;18718;14831;10653;8298;6612;9593;4826;5669;6179;7842;10240;4872;38;5892;12313;9118;13876;9147;9567;9517;6564;469;1408;1294;1104;1208;1273;368;275;228;444;622;1429;3528;2267;1309;4038;8676;24180;22197;15157;7185;84920;30322;21129;54377;73357;60679;69568;61223;39594;16379;30076;29894;6115;8034;19291;13340;7051;1270;8385;4553;2709;11755;10389;15072;18881;8832;7220
3046_Ok_Cocar;13477;33408;46464;18347;62234;57019;51597;38694;35767;24390;38674;40059;29973;37372;14126;10380;16821;15906;10364;5576;15820;7119;8396;9382;18937;14300;6437;4564;7115;8205;10197;12763;15922;23108;18952;14278;9976;8327;11921;6613;7529;7501;9667;12269;5134;53;7464;11470;9369;14600;10604;10324;9721;6963;747;2016;1716;1473;1456;1742;428;297;381;479;750;2050;4936;3461;1653;5829;9217;20896;18387;20094;8589;105633;35571;24931;68727;89838;73698;76035;64585;43034;17647;22050;21874;4368;6210;13033;9350;4508;1210;9577;5257;3117;12654;11883;17239;21744;10902;9706
3047_Ok_Cocar;14685;36279;48609;21506;64457;56199;51647;39377;39818;28174;42639;44339;33638;40983;14406;10524;16598;16194;11525;5963;17282;8745;9587;10543;19380;14259;6820;4187;7197;8178;9380;15725;19479;28071;23147;18421;13493;10613;15493;9407;10601;9938;11599;15029;7182;14;6944;13111;10214;13600;10193;8923;8442;6038;626;1498;1324;1003;1104;1254;657;412;469;642;782;1568;3279;1947;1757;6371;8691;21095;19450;19546;8376;96006;34153;23833;76385;113013;101505;82867;67169;40480;16037;28033;26223;6729;9958;16463;11639;6925;1503;9232;5565;3628;13426;10287;15826;18387;9555;7786
3049_Ok_Cocar;13152;32774;45627;17983;67241;59319;54899;40754;37883;27265;43380;46055;33608;40499;16520;11491;18858;18799;11460;6212;18005;8973;9987;11043;21680;15326;7336;4524;8206;9469;11244;10888;14463;19945;16347;12381;9425;7373;10987;6013;6815;7356;9034;11219;5135;23;8307;15777;11484;16044;11731;12032;11436;7718;882;2159;2034;1782;1783;1940;597;353;355;491;853;2208;5058;3971;1766;5560;9285;21657;19157;20075;8976;96812;33463;25259;59934;78717;65161;79261;68787;51269;21714;25741;24520;5124;7118;15779;11708;5634;1238;12863;6456;3908;15900;14632;21978;26901;12403;10652
3050_Ok_Cocar;13789;32482;46067;21632;57399;48496;44872;32966;33478;22196;34185;35271;23817;26878;16305;12917;20529;19328;12527;7163;20605;10291;11441;12880;25371;18825;8034;4668;8421;9855;11114;11215;14862;19937;17461;13831;8962;6955;10166;5971;7026;7044;8163;9561;4026;40;7885;12229;8242;13298;10382;9252;7650;4988;1108;2933;2372;1847;2056;2191;872;596;513;663;1341;2457;6085;4226;1926;7304;9236;17361;16328;18028;7078;103155;39038;29127;87820;126295;101110;84564;74492;57869;23926;28600;28161;6139;8811;15279;11978;5829;1538;12357;7450;4399;16116;12931;19067;23426;11171;10373
3051_Ok_Cocar;13350;31176;44463;21860;48394;42606;36913;27609;30382;18056;31758;32710;24615;28093;17456;14255;21852;19986;13639;7998;22445;11248;12459;13222;25334;19451;8779;5485;9894;11479;12784;14594;19547;26850;23065;19854;12938;10576;15033;9888;11234;11053;12173;16057;8138;32;10231;14548;12903;17258;14393;12842;12731;7932;1239;2725;2203;1677;1719;2180;797;588;565;689;1191;2665;6913;5018;884;3395;3845;7068;7526;8334;3541;101655;36889;27586;81580;108333;86914;74058;70658;52738;23250;18546;18263;3988;6202;10395;7935;3823;1117;10900;6920;3970;14745;12362;17747;20945;10956;10485
3052_Ok_Cocar;11568;27977;38815;15252;53537;46661;42701;30783;29698;21063;32864;35340;23478;23919;14430;10666;16571;16297;10088;5534;16448;7620;8562;9870;19191;14629;6615;3166;7248;9122;9889;10317;13486;19257;15397;12564;9523;7225;10261;5997;6830;7430;8728;11399;5317;35;4582;6954;6574;10869;8864;8373;7883;5578;659;1935;1947;1525;1534;1767;505;376;399;490;713;1716;3869;2259;1514;5433;8203;17202;15839;17520;7616;78395;27183;18038;53419;69205;57003;66287;60235;44646;18150;31230;30062;6304;8613;17997;13050;6524;1441;7273;4138;2290;9339;7891;12897;15785;6974;6003
3053_Ok_Cocar;13359;33213;48045;18658;64217;59096;61146;41251;37650;28657;43983;41557;31138;40126;13485;10934;16576;16745;9847;5389;13930;7796;8252;10745;18752;14940;6676;3463;7409;9414;10861;9442;11580;18714;14048;10083;8265;6620;9621;4799;6119;6668;8003;9879;4921;49;7329;11264;9612;15769;9929;10606;10857;7992;581;1977;1913;1474;1400;1600;568;333;383;483;779;1782;3934;2645;2009;5912;11332;26547;22914;23041;10574;96254;32229;22775;56288;83256;63798;74772;68725;47451;17352;28230;29479;6423;7266;18333;11830;6261;1450;10491;5510;3251;14757;12699;17770;23116;9681;7239
3054_Ok_Cocar;9933;26662;39250;14881;58477;53231;50867;36914;33925;24698;39521;38596;29366;37408;14894;10178;16945;16235;9970;5375;14310;6989;8043;9430;19194;14211;6413;3429;7284;9361;10267;9830;12584;18759;14568;10018;7635;5878;8599;4453;5506;5677;7403;9727;4338;42;6053;8897;10456;15407;10637;11137;10338;7270;737;2177;2076;1654;1771;1915;566;414;361;484;776;2091;4227;3069;1456;4584;8446;22630;23450;16395;7557;87147;30558;22139;54404;70034;59429;70346;64009;44730;17875;32730;32973;7023;8719;22168;15630;7654;1505;11567;5998;3346;14834;13626;20605;26248;11873;9635
3055_Ok_Cocar;10811;26217;38150;15988;51438;48582;45274;32942;32400;23956;35534;34126;25008;28231;14245;10103;15408;15805;10657;5141;15423;6636;7657;9659;18211;14162;5618;3188;6307;7656;8768;9071;11558;17754;13583;10307;6881;5527;8523;4560;5434;5423;6269;8429;3571;30;5789;11609;8966;12930;8982;9313;8134;5452;606;1794;1537;1303;1289;1494;475;371;411;447;900;1714;3528;2288;1848;6369;9165;20874;19146;19638;8574;82397;26582;18148;65911;88247;82329;68730;59772;36539;14718;39104;39770;9428;12392;21735;15614;8952;2216;9382;5758;3760;14132;11204;17164;20493;10351;9426
3056_Ok_Cocar;10713;27952;41670;14692;57688;51392;47716;33169;31457;21582;32344;32322;22224;27740;12239;9444;15442;14856;8909;4991;14775;6699;7688;9214;18460;13839;5473;3046;5957;7881;8320;9013;11311;15664;13242;9035;6212;4678;6907;3705;4355;4706;5532;7302;2521;46;6663;12593;8082;12247;8126;8628;7354;4747;739;2066;1700;1332;1437;1610;510;355;384;471;755;1882;4697;3099;2142;7286;11228;22682;20027;21042;8867;93624;33127;25288;70216;97432;76179;81941;68407;47647;19256;28273;28691;5788;7921;15808;11673;5365;1313;8806;5089;3016;11898;10939;15152;19810;8857;8099
3057_Ok_Cocar;11381;29275;43425;17229;57839;52056;48402;33069;33352;22704;34924;33498;23917;29400;11774;8546;13726;12949;7919;4608;12849;6169;6890;7449;16397;11667;4788;2943;5569;6944;7769;7082;8732;12628;9618;6911;4896;3681;5580;2777;3527;3526;4448;5473;2117;40;6424;9840;7295;11685;8045;8095;6907;4497;671;1774;1524;1172;1244;1385;450;273;304;335;569;1720;3709;2135;2168;7586;11533;23343;21481;19588;9129;85133;31661;24023;62526;79220;62597;72247;63156;47044;18835;23538;23472;4829;5611;14269;10184;4544;1111;7915;4491;2356;10496;9798;13981;18387;7543;7235
3058_Ok_Cocar;3936;11544;17865;6896;21504;20764;16739;11689;12600;10738;13114;12150;8338;9947;4328;3182;5776;4960;3061;1823;4532;2230;2725;3261;6349;4690;1834;1172;2115;2629;3231;4582;5314;8805;6318;4409;3308;1986;3619;1567;1920;2111;2419;3153;1233;17;2370;4854;3885;5415;3100;2944;2978;2063;322;993;756;642;647;871;288;197;116;203;235;752;1955;1040;1829;6212;10010;19081;16560;16028;6431;43908;16903;10679;38210;57411;45700;40141;36471;21114;8485;31618;33093;7232;9411;20473;10647;8245;1286;3064;2403;1263;5894;4257;6668;8594;3721;2791
3059_Ok_Cocar;8034;21299;32070;11654;45151;41876;38798;27676;25532;17738;27121;27624;19506;24605;13803;10096;16772;16062;9524;5300;15677;7770;8858;10647;21238;15180;6722;3833;7678;9059;10100;11173;13461;19453;15586;11028;7956;6283;8875;4445;5448;5762;6942;8648;3729;37;5240;10945;7987;11415;7659;7781;7220;4297;808;2413;2250;1808;1927;2114;688;475;449;561;872;2158;4852;3384;1562;5777;10750;22438;22978;15567;7553;76864;29012;20876;54965;76256;60302;69556;60269;41559;16640;29586;29604;6351;8013;18683;13034;6748;1333;11085;6781;3666;15545;13771;21296;27179;12227;10010
3060_Ok_Cocar;11340;29771;43390;16076;55291;48638;44802;33039;29146;20772;31739;31385;22638;28019;13539;9954;16558;15891;9514;5206;14423;7749;8368;9692;19454;14300;6289;2966;6762;8336;9293;10871;13204;18644;15758;11361;7560;6007;8697;4634;5239;5441;6643;8410;3674;32;7287;15044;8622;12661;9307;9049;8105;4983;749;2340;1931;1408;1552;1710;520;413;473;620;885;2141;4659;2751;1961;6462;10958;20871;19070;19067;8226;95139;35934;26991;70001;95310;71224;78274;69576;49239;20867;30306;30635;6365;8681;18954;13767;6438;1302;12276;6714;4242;17041;16689;23585;30451;13218;10951
3061_Ok_Cocar;13764;32512;49001;24903;56676;51818;53447;37997;37756;27625;36522;34931;25555;29705;11758;9006;13514;13653;9144;5129;14005;7226;7831;10337;17466;13073;5294;2844;5481;6642;8013;7957;9993;15108;11768;8931;6248;4943;7027;3938;5101;4675;5243;6661;2525;39;6126;12280;7187;9622;6589;6631;5954;3186;704;2040;1604;958;1129;1579;560;309;407;503;813;1869;4072;2192;2801;10653;13864;25462;24029;24485;10059;107642;35509;25871;85606;115331;104070;83207;77019;49811;20237;18495;23649;5150;6411;12695;8710;4390;1211;9143;6624;3495;14177;11020;14367;18649;8495;8119
3062_Ok_Cocar;14856;34967;50903;21905;59343;49954;47843;35424;35750;25585;37257;37033;26549;29600;13142;9829;15361;15301;10726;5652;16515;7906;8983;10242;20261;14741;6265;3367;6890;7867;8652;10840;14098;19743;15706;12499;8366;6394;9837;5241;6270;6253;6575;8667;3713;28;7841;12564;7882;10893;7653;7219;6422;4260;898;1915;1663;1332;1382;1726;628;410;379;472;998;1900;4365;2942;2375;7862;11546;25245;24046;17931;8329;95083;35615;27545;83166;108919;91910;77081;69931;50384;21312;24897;25947;5879;8254;14817;10724;5943;1472;9937;6246;3913;14708;12079;17563;21803;10912;9518
3063_Ok_Cocar;13090;33773;49604;19196;66999;58717;57234;41993;39401;28178;43761;42790;31623;37426;17592;12105;19504;19061;12447;6529;18280;8610;9296;11331;23026;16918;6970;3789;7842;9482;10876;11978;15412;23629;18362;13012;9156;7050;10896;5773;7118;6974;8291;10950;4251;60;7946;15835;11444;17013;11921;11773;11316;7452;916;2189;1998;1606;1617;1943;663;419;417;513;982;2341;6002;3760;1675;5856;9070;20191;18414;18203;8425;114340;39841;28535;84762;103721;90042;92406;84636;55970;23392;34585;34754;7537;10328;20478;14092;7222;1708;12709;7435;4152;17714;15086;21170;25542;12715;11403
3064_Ok_Cocar;6790;16746;25123;10746;33770;34318;30566;22258;23210;16172;26074;24014;18818;22448;9860;6756;10941;11022;7690;3225;11017;4764;5447;7020;12943;9687;3936;2464;4689;5580;6650;5833;7953;11846;9019;6400;4695;3730;5614;3000;3713;3459;4388;5630;2686;26;3198;7733;5637;8033;5455;5327;5071;3507;385;833;856;695;729;816;259;205;224;328;508;987;2313;1354;1155;10179;15923;45138;43492;31401;17105;56280;17985;13037;43341;53706;46193;45541;40591;25568;10273;15702;17052;4382;4763;8100;6921;2990;1075;6331;3308;2493;8687;7386;10540;12567;6415;6154
3065_Ok_Cocar;9672;26505;38639;13344;52502;51783;47219;36476;30940;21736;34400;33552;26156;33706;9305;6371;11624;11508;6984;2978;10759;5027;5617;6747;12435;9936;4189;2690;4654;6100;7169;7081;8985;13783;10817;7680;5552;4371;6002;2898;3842;4104;4880;6878;3003;39;4177;11265;8029;10523;6749;6871;6589;4462;369;942;844;743;694;885;266;174;204;301;399;1196;2702;1612;2268;14824;29855;87312;75204;57703;28710;82914;27302;19213;52945;76928;59629;64333;60670;37586;15139;18191;19354;4393;5248;11188;8054;3889;845;6516;3154;2328;10037;9138;12348;15315;6987;6611
3066_Ok_Cocar;18150;46783;66796;23892;88908;87509;79781;59779;51801;41087;59734;60521;43863;52809;15342;10706;18871;18192;11249;4956;18637;8462;9343;11495;21043;16483;6403;4194;7065;9042;9973;9758;12215;19009;14901;10611;7723;5641;7834;3907;4843;5480;6442;8604;3753;36;7282;17519;13685;17466;10867;11437;11005;7720;599;1727;1444;1149;1487;1616;588;361;505;565;816;1931;3922;2787;1991;12562;24420;69578;59389;47143;23821;134840;45857;32803;96435;140903;106426;112327;102795;63135;25081;31131;32545;7924;9481;18152;13548;6766;1580;12445;5801;4951;20136;15893;22862;28786;13563;12250
3068_Ok_Cocar;17573;50609;68787;18990;107258;101145;91630;67596;53265;39690;61565;66997;47124;66920;20034;14318;28419;27346;14062;6113;22879;12208;14523;17797;31346;24810;10723;8308;11580;15194;15299;18477;21985;32699;28070;18293;13994;10745;14338;6802;8030;10511;13352;17217;7886;48;8431;24261;17366;23735;13023;14099;13995;9911;1131;3255;2683;2785;3164;3299;947;660;802;1129;1686;3825;7134;4868;1753;10900;27997;81961;62557;54994;25373;171962;63210;43188;99880;183017;130338;141465;127311;80808;32657;50490;48996;11698;15551;30151;21962;11601;2330;33010;12815;11225;47086;37522;54711;64435;31719;25109
3070_Ok_Cocar;6856;16688;25728;10131;32104;32423;28843;22191;21289;12943;20836;19992;15468;18805;8019;5918;9892;7872;4622;2652;10079;4635;5224;6543;12182;9256;3557;2236;4213;5132;6073;4635;7018;10459;8689;6218;4446;3281;4618;2411;3042;3040;3472;4761;2059;12;3507;8699;6241;7607;4725;4997;4794;2925;497;1360;1117;858;930;1125;441;200;342;316;661;1426;2892;1620;2782;18107;30787;76536;72322;54804;26478;65309;22431;16756;49544;64039;48565;54301;51351;32207;14126;26070;29621;7564;8744;16469;12549;6483;1474;7978;4473;3389;13183;10371;14821;18929;8366;8401
3071_Ok_Cocar;6652;17522;26431;8535;34928;33910;30790;22536;19647;14084;21404;21167;14769;19310;6241;4453;7971;8275;4724;2109;7505;3542;4095;5073;9393;7240;2846;1890;3071;4037;4614;5770;7213;11097;8950;5968;4372;3212;4481;2121;2764;2945;3526;4915;1957;23;2645;7669;5323;7509;4159;4485;4317;2747;450;1209;1070;811;779;1076;322;224;225;303;474;1134;2261;1385;1593;10756;21134;56226;52581;38538;17673;62763;20633;15181;40714;58924;43717;48477;46067;27010;10936;19740;21264;5103;6125;11678;8953;4336;1015;7000;3486;2832;12243;9428;13388;16880;7718;6462
3073_Ok_Cocar;8686;22254;31560;12117;42503;43240;37092;27828;25461;19198;29514;29616;21620;25842;11393;7631;13460;13543;7987;3406;13011;6161;7080;8363;15279;12039;5254;3390;5947;7513;8681;7918;10140;15208;11964;8978;6647;5146;7089;3729;4667;4830;5933;8450;4479;39;4019;11992;8805;11376;7290;7603;7773;5561;440;1290;1222;968;1020;1099;364;233;307;339;539;1372;2886;1678;1400;9207;16246;47582;43730;32697;16230;73850;22612;15570;45255;63744;52792;58043;54247;33399;13663;20266;21326;4789;5695;12358;9164;4710;1115;7855;4191;3059;11670;9672;14450;17734;8169;7826
3076_Ok_Cocar;11166;24883;38712;17250;43448;42400;38608;29242;29317;20410;28758;27835;20746;24239;7416;5378;8303;8134;5236;2580;9093;3994;4302;5314;10450;7888;3325;1996;3264;3952;4638;3972;5469;7582;5944;4565;3082;2248;3095;1751;2100;2139;2409;3180;1161;14;3743;9531;5310;6724;4448;4289;4131;2372;417;1095;896;565;619;760;327;176;272;297;481;971;2094;1445;3177;20862;27093;68191;65189;48168;24094;76229;26058;20817;63001;77404;64513;58378;54462;36590;15980;15972;18217;4507;5765;9515;7728;3823;1030;7527;1994;3148;10828;8800;11921;14573;6812;7374
3079_Ok_Cocar;13969;34045;50251;21884;68645;66791;61939;45126;46071;32589;48178;47257;36326;42142;17470;11460;19202;17932;12453;5991;18639;8435;9231;11595;22011;17442;7288;4425;8120;10076;11510;11382;14529;21707;17200;12386;9114;7178;9861;5422;6833;6706;7848;10695;4541;57;5895;9618;9960;14043;9632;9394;9535;6430;749;2272;1804;1609;1589;1945;757;380;394;644;1032;2104;4338;2922;2490;17600;25480;71509;68916;50765;25759;114177;36340;27037;82261;110248;97052;88982;76805;45963;17824;28493;29234;7593;8732;15064;12290;6319;1716;10420;7147;5057;18957;14144;21009;24860;13004;13051
3081_Ok_Cocar;15441;41282;56787;18940;78042;71853;65585;50826;44186;31332;49656;50545;39143;51977;14185;10171;18285;17553;10450;4760;17344;8232;9006;10446;18824;15400;6582;4804;7223;9176;10099;13130;15717;24544;19454;13616;10298;7836;10869;5612;6739;7580;9006;12216;5319;51;7534;18930;11701;16281;10359;10072;9637;7256;540;1527;1212;1152;1196;1268;536;276;430;580;690;1821;4113;2276;1074;6651;13615;38803;32584;26089;12474;121813;44978;31050;79252;120636;90908;89460;82351;53396;21620;28433;29046;6265;8828;17001;12648;6416;1433;13251;5838;4881;20190;17582;24889;28884;14364;12652
3083_Ok_Cocar;15743;40569;58771;20897;71664;67339;60711;43980;42262;29450;46017;45048;31611;39994;10773;8185;14101;13448;8279;3939;12672;6748;7209;9021;17231;12896;5586;3800;6264;7687;8619;7665;9442;14292;11189;7667;5743;4183;5808;2901;3686;3892;4726;6127;2402;27;6762;15716;9813;13391;8556;8470;7743;4983;606;1761;1619;1099;1059;1311;489;360;383;498;782;1786;3609;2137;1769;11609;21039;48791;41703;35391;16533;114514;42028;30233;81224;119595;83902;86841;81310;56881;23102;23206;25726;5908;8117;14027;10754;5511;1146;13269;2703;4658;18146;15697;23604;29043;12334;12084
3084_Ok_Cocar;9256;25461;36609;15615;42956;42116;29534;21764;21975;15766;24931;25374;18199;21115;14288;10960;18803;17288;10147;4898;18504;9054;9817;11422;21001;16490;6732;4486;8337;10214;10936;14204;19125;27578;23836;18517;13064;9130;12652;7740;8863;10236;11403;15807;8215;51;6434;11815;11171;14313;10544;10079;11000;6912;805;2579;2108;1641;1676;1860;779;490;540;643;1074;2395;5323;3409;455;2866;4403;9270;9361;7863;3723;97799;34898;24092;68327;108797;83245;70867;68209;45710;19852;18395;21276;5003;6923;10662;8852;4254;1069;10390;5649;4937;18500;15436;22929;28638;12719;12832
3086_Ok_Cocar;10974;26749;40140;16367;45278;44675;38716;28697;29197;18864;29503;28305;19670;24898;11074;8259;13820;13804;9032;4114;15300;7338;8136;10387;18488;14353;5340;3071;5543;6905;7859;10187;13252;18997;15125;10932;6960;5446;7466;4062;4995;5201;6354;8090;3041;29;5872;14200;8337;10643;6933;6684;5791;3320;736;1968;1453;1160;1176;1463;751;498;532;608;1046;2010;3395;1957;1654;11446;17909;38613;35483;27242;13013;103827;38730;28060;88595;127412;94543;87351;81766;57690;24463;19137;21604;5388;7583;11490;8998;4529;1211;12417;7361;6419;23914;19315;27594;35063;15174;14970
3088_Ok_Cocar;15263;39258;56124;20518;80916;77780;73099;54427;49521;33756;53066;51511;39792;50220;13683;9328;16337;15819;9831;4235;15257;7237;8241;10462;18158;14469;6161;3913;6843;8688;9768;7603;9647;14713;11975;8087;6025;4602;6556;3227;4047;4259;5361;6944;3018;26;5640;15264;10465;13664;8481;8598;8801;5775;686;1583;1530;1257;1264;1375;555;282;298;451;711;1740;3851;2685;1483;9576;18748;50126;43403;34244;16155;115369;39800;27753;74877;105055;81407;94262;86780;57321;22016;26422;29020;6738;8305;17310;13096;6172;1320;12456;6538;5230;20980;17032;24740;30021;14267;13191
3089_Ok_Cocar;12391;34676;47546;15182;63603;61053;54941;42109;37135;24124;40252;39674;30715;41615;11808;8476;15512;15577;8980;3801;15405;7942;8520;9761;17490;13890;6110;4161;6438;8433;9189;9163;11505;17136;14156;9645;7001;5337;7235;3559;4272;5044;6095;7744;3591;31;5633;16292;10184;12660;8098;7774;7243;4691;450;1566;1295;1030;1020;1240;373;278;339;352;691;1688;3477;2319;1504;9176;20165;54490;45313;34995;16376;104577;38749;26881;69947;114920;83688;86014;75906;49814;20466;23283;24529;5965;7678;14009;10967;5255;1182;12362;5624;4893;22057;17803;25601;31302;14477;12838
3090_Ok_Cocar;9448;25360;36768;11893;48931;47109;42023;30474;26820;19533;30386;30783;21329;27407;13750;10168;18988;18731;10609;4789;18840;9307;10543;13028;22877;18524;7299;4896;8199;10980;10965;9226;15192;22343;19171;12441;9032;7137;10044;5106;6021;7352;8563;11359;5311;30;5630;15773;10751;14495;8899;8777;8821;5637;715;2147;1771;1490;1621;1782;632;441;528;621;992;2099;4557;2649;928;5711;11839;29624;25655;20632;9873;101486;37205;25297;70351;117860;84576;87983;79375;54643;22775;26983;28062;6604;9062;14844;11889;5792;1491;11590;5883;4618;18316;15852;23311;28531;13116;12353
3097_Ok_Cocar;17494;38466;60928;27995;63704;62132;53633;41115;44075;33013;45441;42210;32239;35832;13423;9556;15433;14523;9934;5111;17279;7954;8645;10437;19515;14600;6198;3513;6695;8460;9045;11527;15111;21139;17476;13230;8854;6115;8817;5149;5755;5742;6631;8601;3738;22;5928;13926;9015;10823;8320;7395;6490;3928;765;1861;1668;1252;1118;1471;670;421;423;489;944;1864;4159;2306;6672;42550;53184;117265;121719;91127;44929;120062;42419;32974;116794;159142;136501;102975;94505;58079;23883;56299;64424;16089;21103;32057;25682;14025;3446;7395;5321;4320;14730;12404;16642;20133;9838;10131
3098_Ok_Cocar;61376;133119;218139;81166;356314;347429;308004;211398;186223;126880;181352;154857;109600;151384;35880;36943;75188;76051;37307;16086;77729;32294;36539;40303;95048;65359;29780;13704;24018;36958;45827;32337;45128;65553;52246;35276;23350;19208;24862;13619;15009;18920;24352;30387;12592;242;18829;71702;42488;55971;34386;39340;40496;20346;2525;10394;7913;5189;6087;8036;2210;1071;1789;2417;3635;7313;15933;9062;3853;21497;50294;143720;137037;84677;36287;525358;171407;102995;294703;394947;310524;351804;333328;141139;56150;88290;119229;19802;27359;55890;36287;22604;4875;31999;18614;11606;56098;47290;66225;87251;38494;39383
3099_Ok_Cocar;10983;25672;39214;16268;49800;48012;43824;30662;31507;22706;31058;30566;21450;24202;14335;10301;16931;16415;10893;5170;16604;7897;8984;11488;22212;16824;6739;3786;7383;9369;10415;10730;13575;19813;16329;11171;7885;6243;8225;4486;5481;5958;6756;8666;3539;39;4566;10065;7129;9758;6285;6245;5555;3569;844;2727;2449;1833;1920;2068;724;455;528;781;1031;2223;4867;2845;2357;14951;21991;49716;46555;34314;16035;94332;34572;24581;75624;110964;92513;84666;75823;52614;20892;27661;29632;6748;9053;15272;13016;6293;1574;8429;5852;4005;15716;11795;19220;24294;10974;11057
3101_Ok_Cocar;15865;38917;56927;21812;65079;61906;57667;42813;44658;26079;41764;38722;28532;27210;13247;10002;17967;16943;10691;5062;18457;9323;10685;13413;23810;17868;6933;3900;7901;9753;10007;11788;14744;21348;17157;12014;8072;5912;8356;4511;5127;5699;6847;8389;3229;38;7491;17507;10037;12886;8395;8020;7296;3916;1067;2642;2338;1732;1844;2133;1111;681;696;748;1479;3124;5576;3499;2332;14131;22312;47553;44583;32402;15167;131845;51911;39382;115652;177958;135860;113501;105687;73257;31858;25505;29740;7226;10481;15129;12510;6178;1665;14769;8635;7439;26623;22853;34022;41121;18843;18547
3102_Ok_Cocar;13038;32716;47813;17642;65924;63584;60538;45723;40806;31680;46367;45531;33962;40682;12070;8233;14089;13432;7996;3752;12696;6331;6498;8235;15156;11919;5266;3329;5897;7451;8298;9589;11808;18130;14171;9804;7207;5745;7856;4447;5387;5549;6579;8782;3895;26;5671;13954;10234;13361;8739;9021;9084;6352;629;1708;1507;1194;1236;1325;512;367;372;460;729;1658;3039;1675;983;5600;10234;28012;25642;19789;10101;98814;33035;25209;62587;77912;65951;78878;75870;46238;19429;38671;40594;9970;11425;23572;18529;9074;1978;11335;5883;5172;20680;16342;23530;28161;13682;12726
3103_Ok_Cocar;1378;4334;6186;3094;7183;7513;6467;4478;5433;5619;7029;5677;4195;4665;1739;1207;1712;1679;1323;556;1460;768;913;1323;2010;1632;574;475;773;957;1251;1457;1917;3949;2172;1621;1314;888;1944;593;993;907;872;1399;945;9;783;1305;1679;2109;1038;1138;1147;1097;83;203;188;178;210;261;128;43;46;69;166;196;488;200;1907;11265;19136;54614;51978;37615;19240;12373;4211;2376;11146;12636;9811;8950;10443;5688;2731;3503;4250;1201;1061;2318;1185;989;224;1087;813;541;2771;1494;2587;3468;1704;1088
3106_Ok_Cocar;10225;27028;39228;13527;51775;50048;44926;33525;29452;22821;34089;31714;22622;28120;8535;5894;10851;10319;5816;2708;9782;4891;5203;6962;12290;9993;3995;2585;4391;5727;6068;6143;8122;12312;10107;6528;5080;3566;5264;2535;3231;3499;4137;5714;2651;26;4243;10117;8162;11001;6636;6999;7207;4557;469;1541;1442;1110;1208;1206;590;386;339;394;680;1441;2655;1516;2754;15194;30576;79563;70050;53911;26146;79937;29363;20798;60528;95486;76483;72424;66603;39002;16850;35876;37895;9831;12119;20945;16391;9782;1931;9689;5060;4473;17871;13669;20383;25630;12536;11057
3111_Ok_Cocar;11739;28422;42959;17156;49265;46967;44945;32846;34990;24576;33629;30879;23144;27045;12952;9598;16360;16330;10256;4696;16078;8001;8382;11428;20709;16006;6172;3645;7507;9310;10607;10331;13024;20319;16503;10937;7448;5700;8487;4630;5379;5654;6779;8499;3764;43;5846;11099;9106;12098;7779;7920;7581;4587;800;2515;2067;1407;1442;1682;768;456;540;654;1004;2323;5148;3092;1894;11707;17911;41125;39874;27750;13483;101472;37097;27010;80889;113572;93811;82212;77241;50379;21344;29000;34061;7371;10069;17117;13839;7107;1686;9581;6579;4802;17750;15104;20958;25672;12112;11680
3113_Ok_Cocar;10196;25084;36248;13624;45858;44140;41017;30496;30022;21879;33115;31888;23919;27701;11250;8027;13195;12756;8498;3869;13164;6570;6682;8355;15578;12445;5408;3736;6189;7843;8470;11448;15259;22661;18027;12976;9537;7783;11655;6223;7419;7369;9171;12239;5801;39;4624;10104;8909;11813;8142;7791;7722;5311;589;1836;1514;1164;1290;1107;531;258;308;528;850;1616;3546;2354;1458;9017;14890;41681;38987;28041;14269;75940;26698;19059;53413;73845;62686;59567;55475;37748;15432;22567;23508;5857;7562;12065;10062;5323;1360;7290;4286;3338;12604;10487;16059;18157;9757;9168
3117_Ok_Cocar;5202;14446;21384;7563;27301;25817;22969;17129;16175;11656;17516;17570;12981;16113;6270;4516;7547;7607;4536;2168;7538;3731;3784;4825;8885;6752;2953;1765;3143;4052;4462;4925;6235;9335;7304;5321;3732;2893;4165;2045;2583;2739;3252;3991;1977;9;2455;4725;4777;5852;4174;3745;3905;2513;214;722;541;502;537;552;192;118;166;196;388;693;1615;953;1319;7305;14167;36700;32981;24423;11937;48405;17455;12300;36911;52537;41978;40733;36413;22798;9094;15171;15939;3931;4876;8840;6638;3375;754;5425;2960;2306;8729;7357;9802;11880;5973;5566
3120_Ok_Cocar;5977;15695;22368;7211;29561;27555;23022;17120;15742;10725;15813;16908;11496;15446;5290;3811;7257;7187;4073;1955;6254;3444;4023;4624;8626;6693;2899;1997;2999;3781;3889;5727;7010;9773;8215;6005;4069;3009;4023;1970;2400;2838;3493;4294;1888;14;2219;4437;4218;5742;3589;3354;3359;2114;236;767;666;605;605;764;206;147;186;239;318;788;1592;916;940;4545;9667;22658;19006;15884;6501;46859;17802;11782;29834;55689;38456;37327;31942;21537;8399;9708;9758;2120;2893;5435;4076;2126;443;5361;2720;1907;8260;6613;9526;12164;5841;4698
3124_Ok_Cocar;17288;42661;58992;24168;76499;72759;66425;50834;50837;37682;54149;52265;40312;47847;15215;10776;18171;17834;12226;5643;17911;8652;9065;11402;21086;16950;6956;4594;8018;9855;10742;11119;14580;22333;17505;12973;9189;7289;10639;5785;6919;7338;8396;11175;5046;38;6540;16098;11958;15671;10487;10210;9707;6792;610;2014;1706;1370;1255;1253;592;368;420;548;823;1796;4205;2465;1657;9040;14693;38319;34712;26117;13118;115544;39877;27844;81110;112702;98237;95157;89155;62663;25032;26909;27854;6507;9208;15759;12633;6517;1533;10285;6684;5280;18753;15667;23679;27615;13446;12415
3129_Ok_Cocar;10931;28827;41624;14396;52847;49464;44169;31353;29451;21567;31070;31412;21842;26898;11683;8546;15437;15181;9228;4535;14842;7149;8160;10151;19186;14831;5944;3855;6494;8610;8866;9827;12466;17842;14928;10078;7157;5022;7151;3585;4538;4999;5977;7750;3104;72;6159;14577;9212;13232;7758;8213;7854;4618;700;2198;1875;1404;1411;1525;593;434;498;663;869;2158;4183;2225;1488;7580;14796;32420;27733;21820;9761;97868;36195;24383;68892;113171;84259;82597;72415;49047;19195;37843;38726;8334;12041;21579;16812;8480;1682;11361;6776;5068;19468;15611;24509;29912;13903;12203
3131_Ok_Cocar;12218;28265;42580;18177;53573;53479;49650;36704;35825;24541;36037;34938;26205;31613;12739;8763;14396;14864;9886;4873;14564;6716;6989;9025;17299;13381;5725;3156;6443;8296;9329;7600;10008;14745;12058;8331;6177;4953;6615;3555;4454;4505;5386;7255;3188;55;5718;13209;8970;11970;7856;7784;8042;5373;579;1959;1665;1351;1196;1373;448;312;301;475;744;1730;4063;2345;2015;11462;17657;44005;41136;31553;15397;93107;30470;21917;65801;86070;73285;75308;68317;46145;17997;23626;25505;5700;7367;14685;11523;5483;1435;8897;5452;4066;15039;12586;17952;22828;9775;10306
3133_Ok_Cocar;8012;19611;28364;11406;36846;35676;33102;24504;24221;19090;26770;24443;18537;22785;8485;6282;9957;9936;6456;2916;9148;4469;4763;6288;10947;8684;3618;2136;4006;5105;6001;6517;8437;13272;10108;7139;5134;4335;6000;3179;3810;4006;4813;6455;2957;19;3111;5970;6496;8480;5781;5675;5712;3977;453;1171;1111;845;952;844;339;250;216;283;572;1111;2480;1572;1418;7820;13341;35227;33361;23522;12137;58064;19654;14530;45706;63390;55511;49859;46057;29344;12017;17503;19018;4816;6048;10445;8392;4531;944;7348;4274;3421;11899;9580;13876;17521;8454;8164
3135_Ok_Cocar;12754;32239;45843;17373;62581;60456;54270;40863;38105;30554;42255;41983;31531;38375;10770;7553;13041;12345;7878;3599;12401;5940;6582;7987;14945;11749;5143;3135;5894;7172;8111;10332;13411;20576;15737;11389;8400;6569;9284;4886;5877;6232;7453;10318;4835;45;4943;11860;9805;13054;8184;8278;8471;5830;426;1437;1261;962;959;1093;373;229;305;362;677;1394;2985;1600;1844;9497;16944;44179;39268;30788;15019;93531;32018;22418;63158;93787;76940;76616;69304;45026;17489;33075;34242;7629;10476;19184;14455;7747;1586;8773;5337;3904;15603;12917;19267;23237;10594;10180
3137_Ok_Cocar;13883;32324;46986;19281;64055;60367;55138;40767;41616;30664;44272;42273;32786;39682;12468;8809;14573;14333;9642;4374;14446;7110;7308;9225;17450;13969;5988;3524;6590;8292;9307;11411;14642;21886;17263;12366;8600;6817;10219;5612;5945;6124;7504;9629;5000;18;4989;12424;9737;12780;8683;8396;8081;5331;490;1334;1134;985;983;1082;454;264;260;419;621;1340;2893;1766;2504;14306;23567;63419;58936;42586;21683;92140;31901;21210;71751;103954;92619;81752;70977;41711;16233;33664;34547;8545;11044;18756;14750;7991;2023;9250;6167;4289;15311;12237;18025;21244;11264;10413
3183_Ok_Cocar;31290;79668;120848;43986;162405;152032;138029;103820;88430;67212;97802;99980;71441;88490;32829;22595;41657;41216;24907;10412;42546;18306;21457;25612;52142;39939;16210;10392;16980;21955;21993;29956;38313;52848;43751;31903;22566;16759;22962;11807;14735;15867;20172;27183;11425;71;13117;39214;26782;35365;24168;23189;22309;14269;1435;4738;3696;3451;3303;3668;1237;859;755;1017;1619;4301;10139;5700;4383;25109;51577;133247;109535;100650;43007;269678;91879;60230;149727;231475;162081;197863;155209;90119;33441;52436;47285;8741;14092;26134;16663;9560;2037;20106;11203;6548;31515;25482;39649;48968;22511;19453
3223_Ok_Cocar;44822;112536;170955;61241;218070;197672;181560;133310;119486;84478;127294;128689;89200;109465;41069;28907;51534;50879;30272;13375;51377;22868;26470;32910;64908;48160;19563;11448;21672;28089;28875;26884;33527;45689;38056;27809;18752;14235;18963;10099;11659;12934;15663;20470;8702;98;14943;34562;26207;34382;23659;22962;22352;13700;2009;6690;5614;5126;4788;5687;1803;1001;1019;1419;2460;5505;12370;8397;10390;52925;109891;270996;222613;191643;82527;342706;122639;91054;215020;351271;239184;258150;207722;126757;48669;74344;68740;13225;21402;36368;23047;15024;3336;24556;13986;8146;38583;32521;46655;61737;28535;25338
3228_Ok_Cocar;50589;117948;167892;77196;226822;211151;183374;142451;132997;96335;131480;129035;94580;116810;47951;33300;59019;59852;36925;16806;64862;28755;31483;37316;77140;58535;23866;12168;25871;33654;36502;49446;63467;87897;72411;60362;36922;29918;39661;22376;26265;27195;32447;44234;20105;86;19822;46680;35046;44556;30876;30401;31642;18126;1893;5772;4947;3205;3284;4310;1514;840;1189;1382;2041;5537;11322;5426;4948;27485;48970;115518;104115;85349;35820;378474;130587;91572;225404;372138;253413;260993;200798;103638;39237;82286;77378;12499;22157;39461;24387;15761;3173;22904;16606;8153;38194;31766;43621;58200;25652;23905
3261_Ok_Cocar;47807;115681;173966;63123;229677;207407;185058;137722;121349;86911;123789;136577;99660;135322;43884;30984;60592;58767;34940;15926;57394;26526;31842;37629;73597;54647;22664;10435;22091;29280;31936;44326;55082;74041;64819;49857;33405;26298;34632;19210;21561;22949;29993;42076;20032;96;17572;49169;35777;47413;32444;30668;29635;18579;1467;6224;4609;3862;3585;4374;1404;920;1073;1269;1981;5259;12761;6647;3153;18288;33771;86238;68350;64973;26583;361105;139823;90261;213655;421964;263459;282898;201206;114513;39689;96835;76799;13205;25414;45346;26743;17402;3053;28231;16463;7986;38556;31007;49523;61263;27559;23367
3335_Ok_Cocar;86652;221162;328645;118267;413193;376103;334473;250263;226718;166957;250130;263083;187099;230720;64933;48781;81379;78583;46818;21956;81166;39723;45410;50023;101737;72477;30791;17484;32248;40237;40408;62607;80147;109276;90951;70416;46639;35633;50680;27391;31938;34178;40226;51504;22547;158;29382;79320;54343;71575;47480;47611;45637;27844;3067;6584;6988;6195;5928;6681;2411;1642;2159;2756;3751;8170;15575;8542;6811;34202;67982;171619;146441;135916;57702;531146;193691;144008;352789;543810;384381;408181;341357;226885;90476;102972;91935;20092;30749;53017;35896;22947;5503;50025;25160;15596;68010;61084;88828;111148;57772;46297
3342_Ok_Cocar;70566;172505;258276;96118;314450;279047;252565;200629;186636;138426;201697;211860;153260;183973;44925;33966;59770;53581;32046;15618;56032;29489;32351;37485;75215;55314;24241;10513;26665;31488;32420;37652;47786;66766;57842;44619;30423;22019;32939;17513;19207;19267;25496;32656;16151;144;24061;61497;42496;56400;38434;36029;36744;22172;1643;7358;5214;4774;5149;5517;2213;1296;1282;1721;2804;5969;13555;8967;6159;29223;55564;138099;120944;108235;47287;420568;161591;120010;306785;460346;324341;329638;269916;167274;67254;85735;75306;15362;23918;40327;25017;16089;3672;32010;17142;11069;51056;41821;61557;75308;38041;32351
4003_Ok_Cocar;12280;30081;43736;18315;58447;52691;45894;33398;33958;24850;36058;35653;25920;31557;11120;7972;12858;12174;7817;4449;11838;5950;6601;7160;14426;10402;5066;3058;5534;6426;7459;9612;12555;17762;14450;11148;7633;6242;9488;5511;6223;6073;7109;8907;4172;45;5142;8933;7880;10990;8007;7843;7759;4771;446;1298;1060;904;1003;1046;341;191;300;386;485;1116;2811;1697;1378;5293;7747;16198;15713;15393;7102;81325;28705;21396;59988;74273;61696;67175;59397;39902;16762;21084;21241;4667;5580;11446;8806;3861;1036;8064;4673;2332;8891;9101;11605;14671;6833;7001
4004_Ok_Cocar;13993;36189;50147;23787;64591;59593;45890;32643;33753;22684;37759;37587;26489;31770;15684;12442;18922;17171;11114;6002;16772;8881;10135;11274;21389;15050;7452;4538;8212;9426;10639;13719;18450;25820;22049;17739;12730;10103;14964;9366;9949;10791;12430;15936;8940;32;7534;11100;11581;15689;13131;12815;11862;9052;779;1732;1684;1235;1460;1542;541;412;417;486;792;1624;3845;2365;807;3323;4766;9306;9551;9312;4128;89372;31998;22841;67286;99661;83161;73172;67948;47967;19875;18935;18568;4051;5567;10219;8079;3891;1239;9679;5408;3010;11282;10246;15675;19227;9406;8219
4005_Ok_Cocar;14842;36981;53617;23512;70300;62372;54615;38131;38879;28816;41795;45063;30884;37558;14285;10994;17156;16559;10580;5691;17240;8933;10547;10995;21767;15435;7414;4346;7795;8825;9369;13758;18012;24214;20125;16738;11774;9636;13266;7886;8941;8738;10547;12585;6269;40;6497;10140;10147;13907;10904;10297;8974;5850;813;2098;1914;1564;1775;2050;546;438;388;638;908;1729;4496;3519;1638;6087;9386;19982;18203;19449;7713;90506;33164;24400;66918;103267;83695;79135;66736;51105;20307;22744;21009;4819;7091;12728;9017;4856;1269;10678;6440;3512;13706;11268;16762;21321;10959;8950
4006_Ok_Cocar;36457;85657;134427;57742;173562;165037;145386;109071;104525;75289;103407;103521;73446;85537;33829;24450;39492;39040;25072;11840;40484;17628;21035;25329;49954;37653;15504;6734;17198;20949;23130;24865;33718;47432;38241;28693;19890;15023;20963;11575;13337;11722;17018;22247;9898;74;10409;29800;24821;32084;21137;21042;21493;12875;1188;4226;3187;3124;3463;3510;1306;687;678;1048;1689;3639;7574;4454;6922;32331;57664;161441;149765;108715;47127;266248;84934;61096;166105;230644;183206;191372;155894;78936;31437;59456;56685;11482;17718;32454;18952;12529;2676;18500;12610;6753;31581;23916;34890;45703;22403;19615
4007_Ok_Cocar;15025;37269;54266;23536;60028;53439;47560;36284;38454;24628;36352;37973;28616;35960;12569;9484;14977;15156;10787;5565;17760;9632;10136;10985;20776;14926;6872;3702;6426;7375;8004;8605;11326;15373;12820;10146;6431;5249;7285;4396;5065;4824;5336;6540;3115;23;7270;13177;11151;12535;9569;8274;7264;4023;657;1779;1594;1148;1347;1550;807;502;551;690;1101;1863;3326;2362;2097;8133;10249;19979;18728;19560;7636;105100;39477;29661;96263;145964;122885;97191;81631;56007;23835;24101;24253;6250;10164;14767;11432;6315;1259;14054;8508;6071;20703;15617;21123;25513;13630;12337
4008_Ok_Cocar;13658;31752;43888;17798;63187;55972;51273;39452;38287;26170;39708;41968;31177;32809;12712;9807;15244;14554;9250;5249;14782;7112;8336;9535;18131;13092;5988;2864;6239;7008;8238;12543;15942;22299;18856;14045;10387;8400;11725;6897;7900;8065;9520;12077;5112;33;7193;11803;11376;15598;11245;10783;9839;6712;573;1550;1394;1143;1240;1372;525;326;360;501;897;1527;3296;2021;2039;6990;10683;23625;21410;22646;9475;88639;29966;22478;74263;113006;107689;85422;71115;46534;19390;25002;24406;5820;8773;14968;11234;5870;1234;10733;6242;3972;14816;11847;17897;21870;11073;9143
4009_Ok_Cocar;11020;26678;40210;17138;54521;55061;55651;40070;36887;28786;41976;37617;28716;35495;14599;10470;15675;16077;9464;4911;13987;7075;7471;9296;17284;13091;5908;3384;6183;7870;9860;9382;11768;21265;15161;10007;8403;6738;9790;5433;6688;6550;7724;10184;4471;50;6420;10858;11220;15862;10090;11383;11973;7939;639;1980;2130;1424;1623;2033;502;369;321;552;805;1648;3536;2512;1550;5341;8560;20711;18557;18078;8764;86671;26372;19541;52860;60462;56590;64926;64482;40884;17034;26490;33621;7880;7127;23124;15582;7388;1650;12097;6989;3928;16831;14914;19650;26761;11596;10310
4010_Ok_Cocar;10523;24095;36311;15745;50467;45909;43941;33306;31015;24955;36515;34548;26040;30311;13140;9448;13852;13461;8588;4629;13656;6037;6362;7886;16088;11457;5501;2849;6046;6993;8535;12600;17326;24699;19620;14567;10450;8927;13155;7698;8724;8764;10364;13929;6472;40;6113;10263;9940;14316;10454;11202;10412;7236;691;1540;1492;1094;1287;1248;404;332;276;327;621;1558;3357;2077;1113;3788;6066;15731;16759;11587;5883;75228;24546;18833;52000;56425;53267;60793;57481;40056;18149;20924;22528;4834;5669;14089;10796;4698;1187;9853;5759;3581;13610;12510;18449;23067;10553;9964
4011_Ok_Cocar;16279;38723;56419;24223;75486;71929;64765;49011;48161;37912;52821;53149;41395;47513;12829;9145;13965;13117;9242;4801;14636;6402;7118;7915;16147;12241;5323;2699;5563;6773;8199;8519;11178;15640;12459;10375;7070;5779;8915;4917;5882;5781;6428;9104;4007;21;6302;11825;10163;13324;9993;9706;9047;6093;527;1303;1163;923;912;1070;383;270;262;326;674;1206;3211;2413;2435;9072;12063;27994;26106;27110;12428;92044;30246;22207;67951;83200;74831;74847;64721;43069;17245;25185;24947;5428;7279;13853;9974;5002;1384;7940;5149;2907;11299;8990;12510;15308;7573;7438
4014_Ok_Cocar;13467;33410;49841;21410;59162;51919;45694;34079;34070;25523;36668;36335;26847;31300;13692;10248;15341;14570;9853;5763;15190;7471;8119;9377;18530;13716;5796;2631;6373;7329;8022;10873;13977;20106;15985;12959;8536;6629;9855;5617;6529;6463;7241;9371;4045;32;7297;12143;10713;14473;10799;10532;9046;5781;742;1614;1529;1146;1226;1348;608;382;393;471;516;1742;4173;2560;1824;6100;8422;17072;16619;16972;7487;93103;34143;26629;78463;97758;80285;75538;69293;48997;21253;26810;28173;6742;8175;15396;11341;5402;1473;10487;6036;3663;14089;12751;16994;20433;10198;9370
4015_Ok_Cocar;20771;49566;66281;32377;70844;63865;59610;46107;48821;35280;52156;56779;43213;49258;12484;9893;14564;14014;10789;6254;17084;9064;9642;9939;19070;14126;6650;3064;6496;7046;7425;10193;13585;18458;15462;13416;8907;7263;10111;6210;7126;6555;7461;9318;4161;35;8989;14017;11309;13059;10735;8500;7269;4661;673;1412;1204;980;972;1031;690;429;472;598;975;1747;3362;2416;2761;9781;12167;24350;23277;23923;10724;114431;42271;33803;90830;117333;98304;86486;77069;62716;26196;11482;11911;2807;4786;6999;5606;3079;696;10670;6322;5104;16955;13154;17420;20873;11077;10151
4018_Ok_Cocar;12056;26823;40007;18017;51391;45023;40647;29965;30757;21618;33472;33162;24588;28690;16167;12045;18481;17470;11623;6671;17155;9139;10163;11272;22054;15765;7872;3803;8062;9220;10125;14449;19229;27278;21952;17544;12273;10221;14746;8986;10006;9489;10991;13545;6337;39;9252;14668;11009;15901;12087;11611;10452;6773;1059;2312;2159;1637;1707;1781;580;437;465;587;909;2269;5883;4469;1108;3803;5014;10342;10314;10436;4671;94871;34364;24492;75565;89690;75478;77875;73286;54430;24815;20719;21107;4651;6054;12116;9531;4341;1309;13191;7618;4767;17399;15652;21746;26287;12585;11739
4019_Ok_Cocar;14631;34511;51841;19756;62329;55382;49179;36293;36391;27182;36641;35527;25277;30575;13909;10529;16281;15033;9378;5446;15827;8075;8175;9170;19266;14736;6764;3413;6862;8348;9549;13655;18500;24406;20138;14618;9877;7745;11839;6694;7502;7397;8546;11126;4603;33;6697;11301;9466;12928;9245;9322;9058;5305;896;2177;1951;1220;1218;1212;624;440;497;526;896;1723;3909;2439;1843;6355;7843;15959;15741;15994;6963;101966;36484;29161;82868;101470;88817;88176;78960;51693;22942;27741;28999;7015;9232;16131;13097;6560;1447;11260;7113;4478;16945;14973;20542;25202;12667;12373
4020_Ok_Cocar;8536;22587;35756;10683;48652;46166;42349;28000;24249;19268;29071;27477;18465;24817;12175;8876;14764;14078;7504;4354;11055;5467;6252;7424;16005;10945;4913;2214;5315;7075;8096;10510;12912;18847;14291;9009;6705;5031;7666;3548;4006;4636;5772;7906;3147;23;4359;9119;9348;13673;8370;10018;8872;5786;617;1994;1844;1173;1324;1640;811;480;502;621;877;1801;3146;1755;1217;3116;6226;14551;13247;11582;5333;79440;24563;17878;44563;59993;48506;59616;54584;34728;14813;31891;33030;7933;8534;22163;14631;8175;1311;11428;6041;2897;14747;12882;17869;22894;10416;8344
4022_Ok_Cocar;13249;31467;49484;20782;60669;54830;52901;35804;38033;29051;39759;35899;26720;31973;11756;8994;13338;13834;8658;4911;14478;7233;7415;9268;16380;12305;5297;3026;5875;6848;8295;6427;7980;12657;9368;6654;4506;3600;5661;3140;3368;3556;3817;4722;2228;28;5845;11026;9308;12011;8381;7970;7572;4173;724;1677;1472;1014;1070;1223;517;367;368;468;815;1626;3800;2555;2436;8284;11452;23002;21854;21238;9546;93094;33233;25602;76189;88038;80880;76643;71932;49116;21288;22053;25560;5972;7882;15213;11352;5648;1268;10907;7157;4744;18573;16029;20356;25744;12233;11636
4023_Ok_Cocar;13463;29384;42613;16584;60795;53538;49672;39504;37673;26537;40207;39991;31394;37322;11850;8424;14089;13279;8435;4821;13863;6672;6877;7341;16354;11640;5548;2829;5982;6844;8519;10291;14036;19502;16625;12104;8710;7254;10425;6718;6812;7351;8996;11501;5374;15;8372;16147;10539;15982;11682;10697;10480;6722;510;1437;1155;841;1040;1000;358;236;282;367;580;1482;3484;2362;1731;4524;7553;18863;20038;13279;6674;82028;29379;20414;61081;71199;67798;67163;62813;41270;19349;17651;19277;4179;5703;11933;9276;3959;1030;10939;2931;3073;11858;10660;14480;17844;7952;8481
4024_Ok_Cocar;14027;30487;44196;17169;57680;50810;46962;36250;34744;23979;35785;35479;27775;32919;16035;10598;18193;17045;10831;6311;18285;8764;9238;9830;22142;15276;7474;3729;7494;8648;10486;13698;19658;26381;22335;16405;10953;8954;12841;7796;8110;8506;10205;13460;5852;85;7376;14796;10759;14716;11651;10158;9492;5965;892;2348;1926;1127;1229;1481;614;421;533;664;926;2184;4883;3430;1917;5540;8074;16938;16570;15988;7177;112033;38502;29483;94615;121913;117637;94252;80889;49936;23031;28590;31492;7836;11124;18509;14506;6839;1612;13434;7893;5899;22182;18849;23362;28529;14071;14295
4025_Ok_Cocar;7460;18201;26352;9801;33901;32295;28532;21271;20867;16443;23158;23426;17079;20137;8569;6097;10183;10428;7212;3192;10738;4801;5255;6315;11712;9357;3762;1920;4279;4944;5801;9375;11661;17452;13572;9981;7174;5448;8098;4202;4928;5013;5985;8408;3726;29;3872;9021;7484;9248;6078;6084;5937;4077;402;1141;752;759;807;784;325;208;255;353;555;1111;2338;1504;479;1678;3144;8063;6965;5434;2629;62014;20922;15056;43554;62507;53956;48939;43183;30376;12062;11312;11204;3149;3843;6559;5149;2621;643;7244;4202;3465;11976;9995;13740;15917;8202;7428
4026_Ok_Cocar;7041;19198;28603;10158;33260;31926;27754;19303;17939;14184;21737;20857;14527;18605;5876;4199;7371;7308;4735;2080;7278;3474;4015;4823;8518;6663;2737;1656;3014;3707;4098;4679;5964;9042;7064;5020;3416;2530;3723;1837;2098;2329;2796;3653;1669;11;2844;6486;4956;6529;3801;3725;3721;2322;349;1009;713;625;689;768;313;204;225;303;501;1000;2094;1163;2031;7628;15443;35956;31408;24107;11128;53148;19946;13194;39490;56842;42302;43869;40524;25932;10479;15540;17041;4203;5421;9599;6850;3758;805;5914;3335;2564;10485;8583;11360;14709;6872;5808
4028_Ok_Cocar;5487;14598;23661;11763;24603;25615;22222;16178;18311;15051;18972;17198;12566;13360;8395;5747;8853;8608;6343;3194;8835;4164;5021;6427;11028;8726;3210;1702;4047;5078;5802;6214;7726;13409;8784;6947;4919;3508;5887;2647;3763;3233;3451;5011;2464;21;3314;7021;6141;8026;4921;4960;5030;3376;664;1502;1305;1188;1314;1549;626;285;317;462;782;1260;3072;1750;1575;7159;10429;24859;26234;17309;8777;57748;18217;12142;49672;59566;50130;45710;47502;28474;12421;15195;18530;5199;5236;9638;6169;3934;1042;6400;5399;3470;13506;9498;13458;17460;8909;7151
4029_Ok_Cocar;12209;29352;43772;18946;52733;51284;46962;35822;35621;24641;36221;33455;25281;28892;11642;8434;13082;13066;8427;4308;12830;6433;6746;8541;16572;12580;5461;2736;6159;7602;8807;11842;15436;22986;16996;12535;8743;6550;9727;5429;6484;5855;7128;9751;4512;24;5568;13716;10739;13731;8562;9046;9046;5739;743;2068;1820;1409;1485;1774;568;337;458;615;1060;2038;4150;2571;2072;8697;14242;34372;33418;22663;11581;93143;30905;22419;73636;90671;76445;76826;73236;47193;19807;23100;26592;7071;7723;14149;11336;5758;1413;11024;7414;5155;18165;15166;20625;26098;12834;12011
4030_Ok_Cocar;15089;34272;53884;25314;60857;57943;52992;39671;42243;33404;43578;40318;29649;32168;11542;8215;12812;12226;8075;4649;12873;5663;6361;7570;15095;11655;4906;2349;5560;6994;7910;9079;12342;18270;14228;11082;7344;5617;8505;4806;5768;5369;6227;8379;3476;52;5644;12135;9314;12176;8316;8395;8516;4998;706;1942;1651;1243;1296;1503;519;343;343;458;747;1811;4080;2515;40;181;238;555;565;401;220;100786;32810;24794;78025;85300;75055;77167;78030;52568;23147;22997;27909;6891;7393;14686;12029;5244;1590;8523;5820;4224;13875;11658;16097;19525;9507;9441
4031_Ok_Cocar;12156;31546;47452;17598;55490;52264;45036;33256;32974;24493;33812;32517;22570;27523;13164;9912;16515;16126;10174;5031;17969;9394;10375;12107;21591;16843;6791;3550;7494;9156;9789;11786;14733;20846;16775;12332;8200;6216;9064;4587;5484;5740;6716;8636;4067;51;5719;14363;12561;14042;8788;9196;8718;5161;1066;3177;2784;2458;2616;3200;1031;756;690;997;1406;2738;5490;3823;2300;8611;15554;34226;31326;22893;10828;93472;36118;26698;81696;140791;108623;90718;82567;54874;22366;31619;35687;10084;12936;20166;15237;8799;2133;15752;9355;6927;22342;18601;28420;35070;17503;15682
4034_Ok_Cocar;13053;35493;48710;14976;66289;61739;55829;41922;36251;29923;43709;46184;33077;42990;12785;8708;16412;16031;9493;4911;14815;7477;8233;10065;17630;14129;6512;3664;6771;8884;9171;16910;21078;31316;25346;17794;13458;9842;14834;6872;8276;9120;11238;15890;7577;52;5987;16042;12584;16702;10009;9934;9763;7105;628;1615;1466;1396;1368;1450;509;343;402;495;831;1867;4007;2899;1630;5902;13744;37179;31170;21725;11270;100388;36858;24276;63559;106128;80157;84681;74169;48657;19254;24515;24321;5998;7812;14900;10095;5630;1214;13763;6593;5115;20174;17754;25152;30056;14938;11895
4035_Ok_Cocar;7634;19623;27750;9898;38861;36698;32652;25882;23397;17638;27363;26220;21357;26141;7502;5126;9019;8482;5334;2692;8195;4117;4406;5292;9681;7351;3446;2024;3734;4884;5451;9117;11528;17717;13657;10093;7648;6284;9208;4837;5609;5858;7288;9941;5262;31;3471;5810;7370;9878;7018;6705;7014;4956;269;787;683;676;722;714;209;148;121;259;382;974;2374;1642;2050;7213;14775;39277;33678;27190;14349;50965;18194;12481;31928;42994;34379;43973;40600;27391;11190;10132;10672;2656;3001;6396;5015;2240;574;6768;3190;2372;7518;7439;10010;12104;5803;5307
4036_Ok_Cocar;60766;138095;208988;87600;302014;292079;280464;228773;199223;161699;230702;230828;177583;212102;70781;49226;79184;77584;48142;21557;80834;35411;39431;43755;85861;65975;31280;17714;33751;40490;46646;53590;70801;103867;82153;66232;48270;41077;53727;32548;36782;38959;48884;66703;31825;261;23500;68702;60893;80747;56335;57381;59949;42023;1726;5534;5030;4622;4667;5032;1300;820;1006;1460;2164;5452;11317;6294;6118;27408;51475;151958;137129;117598;57602;403906;130377;97001;230377;290293;241419;303407;251056;142417;56014;93279;84429;17696;23203;48989;30875;15934;4249;31926;16895;8803;42880;38357;58356;76171;37159;34573
4037_Ok_Cocar;8843;21097;29244;12256;41463;40494;37974;29029;27785;20835;31380;29915;23125;28578;10647;7701;12229;12067;8101;3813;11565;5731;6313;7787;13343;10588;4524;2128;5204;6373;7543;8429;11023;17659;12831;9524;7366;5957;8703;4960;5729;5519;6915;9084;4619;32;3550;7532;7800;10747;7153;7005;7448;5254;458;1020;1036;932;1057;1132;326;226;281;305;649;1221;2643;1634;2683;9300;16743;46771;41221;32894;16310;59827;20486;14737;44983;62993;57551;53776;51827;31777;12747;15567;17162;4829;5207;10539;7804;4104;971;9642;5452;3870;12008;10041;13901;17350;8590;7868
4071_Ok_Cocar;43621;115543;177443;60413;228341;216001;182291;134191;111838;86930;128843;130636;92100;110891;55944;38161;70906;67164;36647;17207;60443;29140;34684;40950;78739;60856;26089;15732;28397;37213;39098;56838;75481;109517;90848;65973;47949;34462;46248;24029;27478;31285;38200;52622;25627;199;16210;38649;40079;53270;33581;36821;39369;23643;2370;6867;5630;5633;5137;6762;1697;1083;1482;1591;2491;6435;13984;8381;2283;9567;21251;55628;48255;41952;18674;399490;135526;94984;252987;383086;271261;333305;286819;149060;60778;149913;142338;29319;41869;81514;48769;31151;5888;30757;16183;10212;48896;43645;61006;78037;36227;30078
4089_Ok_Cocar;57563;136784;214772;90143;274958;267945;242725;187142;165418;113220;180521;179094;133630;157852;56042;40137;64471;60555;36158;18638;65484;28674;30330;32740;74249;57603;24361;14236;28880;34765;38003;29419;46915;66393;54228;40911;28240;22377;31888;18266;20600;21312;24656;33527;15730;57;20437;55974;46614;57242;37876;39270;40211;25366;1781;5554;4931;4136;4207;4576;1353;1029;1127;1452;2046;4686;9957;5814;4460;19637;35837;90752;80124;73681;34068;399194;136249;100683;251052;327850;245918;302351;252679;137110;54705;98826;92459;18108;26730;46099;30742;17955;4137;31797;18459;10318;48626;41770;59301;73717;37908;34321
4111_Ok_Cocar;35640;89853;136168;50708;208191;202445;179017;131604;111443;85443;124157;129824;99814;134145;42029;26643;48708;47935;29165;12547;45267;19533;23405;27180;52996;39989;17527;9224;18486;23031;25820;32895;43008;60326;48729;37773;27210;21372;27782;14613;17345;17208;22387;33698;15477;87;13403;45214;33232;42402;28282;29886;29945;20292;1290;3771;3327;3383;2952;3903;1000;481;663;1055;1334;3694;8069;5139;3569;14155;30293;85011;71872;63653;29973;282179;88205;57055;142398;221758;177230;225635;166610;101703;35988;55579;44757;8978;14220;29307;17134;9207;1969;27896;15967;8211;37968;32733;47590;63669;30009;26499
4154_Ok_Cocar;44773;117539;173383;60262;250890;241016;220494;170588;140931;99419;160525;154638;120523;157608;49381;32996;57672;58493;35502;15601;54692;24847;29505;36013;67475;51096;20143;11149;22374;28364;31248;44789;59043;89177;72148;49940;36525;28277;39622;19519;23207;25220;32230;44509;19046;108;18194;50250;40067;53458;32208;33134;33499;22108;1646;4449;3692;3561;3900;4205;1532;904;1117;1577;2076;4745;10571;5480;3935;17864;36403;103881;93683;81581;34651;375672;125332;86407;249197;399864;322973;318855;274569;159982;61859;79743;74791;16399;23914;44983;27586;16002;3276;41000;20757;11780;49824;37171;54708;68147;31764;27155
4158_Ok_Cocar;40089;105213;153310;53103;210148;190090;164423;123161;113537;75319;128075;135822;99280;129165;49924;35402;61127;60420;39635;17058;62707;32169;37433;38324;72529;53661;24521;15338;27176;29871;32372;30164;37672;52450;43679;34125;23956;18858;26407;14017;15636;17491;20656;27206;14420;83;18879;38868;39774;50445;34230;31747;32493;20986;1648;4029;4081;3923;4261;4834;1485;934;975;1434;2240;4566;9204;5304;3688;16192;33810;95750;77787;69843;31564;295959;107096;80623;206156;355246;278550;274118;219896;137024;52767;71045;61342;14614;22095;38847;24841;15477;2773;46605;24118;13848;55244;45298;64244;80143;41596;32160
4168_Ok_Cocar;30929;80196;119072;38525;155894;139426;125231;97232;83061;54940;91279;92947;65680;84303;36864;27241;48928;49221;29161;12760;47550;22649;26778;30088;59442;43298;18387;10272;19531;23943;25220;30399;39102;55342;46954;33164;23387;17925;23968;13053;14284;16378;19783;26039;11112;93;13924;43937;26953;35982;23304;22661;21245;12985;1492;4073;3505;3398;3457;3939;1236;734;1064;1302;1926;4429;8839;5041;3628;14094;30831;79868;63497;56485;23802;264301;96240;69187;168163;265615;188053;204478;174231;116336;48335;43958;40535;8710;13565;25190;16144;9327;1874;30677;14917;9406;39222;33075;48070;61053;28956;23108
4196_Ok_Cocar;33044;93291;142098;43491;192430;174717;156776;112328;95390;73728;111968;115412;83190;104817;43702;31229;56598;55138;31100;14096;50731;24909;29124;33237;64542;48442;19913;9745;21134;26708;30071;38296;49449;71707;59141;41164;29244;22461;31425;15730;17155;18684;24805;32784;16155;84;15828;48904;36457;50454;31285;31309;31052;20471;1711;4852;3799;4051;4196;4619;1383;878;850;1378;2101;4940;11266;7908;2377;9079;22370;64851;55318;42282;18993;287425;102940;73831;173836;271851;191918;228155;200262;130485;52750;57479;54087;12065;16919;33299;19633;11049;2581;33722;16599;9116;40460;35399;47294;59860;28756;23268
6013_Ok_Cocar;3915;8645;11214;4405;14032;14076;9732;7179;7468;5632;8750;9357;6298;6750;21759;15083;23567;23908;14860;7124;27165;15189;16182;16197;26279;20296;10311;5734;11245;13662;13819;18909;22428;31056;23745;20683;15470;13086;16916;10022;10656;10841;12415;18479;12449;29;5419;11688;15019;14286;10709;12084;13182;11695;1371;4198;4508;3995;4417;5092;2893;1403;1821;2101;2128;2877;3598;2409;601;1814;3183;7085;7244;5815;2817;24776;8533;5730;14790;24238;19288;22240;21561;14492;6126;12365;12258;5728;5819;9092;7107;5691;1384;18974;9165;8635;28405;20308;31419;33367;21511;15529
